Date,Confirmed,Deaths,Recovered,Active,Notifications,Negative,UnderInvestigation,UnderInvestigationDeaths,URCOccupancy,NewCases,NewDeaths,NewNegative,NewNotifications,NewInvestigation,NegativeRate
2020-03-30 00:00:00,0,,,,55,10,45,1.0,,,,,,,0.18181818181818182
2020-04-01 00:00:00,3,,,,73,10,60,0.0,,3.0,,0.0,18.0,-1.0,0.136986301369863
2020-04-06 00:00:00,3,,,,86,10,73,1.0,,0.0,,0.0,13.0,1.0,0.11627906976744186
2020-04-08 00:00:00,3,,,,97,31,63,1.0,,0.0,,21.0,11.0,0.0,0.31958762886597936
2020-04-09 00:00:00,6,1.0,,,100,57,37,1.0,,3.0,,26.0,3.0,0.0,0.57
2020-04-13 00:00:00,9,1.0,,,103,80,14,1.0,,3.0,0.0,23.0,3.0,0.0,0.7766990291262136
2020-04-14 00:00:00,12,1.0,,,108,88,8,1.0,,3.0,0.0,8.0,5.0,0.0,0.8148148148148148
2020-04-15 00:00:00,12,1.0,8.0,,110,90,8,1.0,,0.0,0.0,2.0,2.0,0.0,0.8181818181818182
2020-04-16 00:00:00,14,1.0,8.0,,110,90,6,1.0,,2.0,0.0,0.0,0.0,0.0,0.8181818181818182
2020-04-17 00:00:00,15,1.0,12.0,,116,91,10,1.0,,1.0,0.0,1.0,6.0,0.0,0.7844827586206896
2020-04-20 00:00:00,19,1.0,16.0,,135,99,17,,,4.0,0.0,8.0,19.0,,0.7333333333333333
2020-04-22 00:00:00,23,1.0,18.0,,147,103,21,,,4.0,0.0,4.0,12.0,,0.7006802721088435
2020-04-23 00:00:00,24,1.0,18.0,,157,106,27,,,1.0,0.0,3.0,10.0,,0.6751592356687898
2020-04-24 00:00:00,28,1.0,22.0,,210,110,72,,,4.0,0.0,4.0,53.0,,0.5238095238095238
2020-04-26 00:00:00,31,1.0,27.0,,247,127,89,,,3.0,0.0,17.0,37.0,,0.5141700404858299
2020-04-27 00:00:00,32,1.0,27.0,,251,129,90,,,1.0,0.0,2.0,4.0,,0.5139442231075697
2020-04-28 00:00:00,37,1.0,33.0,,264,142,85,,,5.0,0.0,13.0,13.0,,0.5378787878787878
2020-04-29 00:00:00,39,1.0,34.0,4.0,287,145,103,,,2.0,0.0,3.0,23.0,,0.5052264808362369
2020-04-30 00:00:00,40,1.0,35.0,4.0,292,160,92,,,1.0,0.0,15.0,5.0,,0.547945205479452
2020-05-01 00:00:00,48,1.0,43.0,4.0,306,175,83,,,8.0,0.0,15.0,14.0,,0.5718954248366013
2020-05-02 00:00:00,48,1.0,44.0,3.0,311,178,85,,,0.0,0.0,3.0,5.0,,0.572347266881029
2020-05-03 00:00:00,50,1.0,46.0,3.0,313,179,84,,,2.0,0.0,1.0,2.0,,0.5718849840255591
2020-05-04 00:00:00,53,1.0,47.0,5.0,315,181,81,,,3.0,0.0,2.0,2.0,,0.5746031746031746
2020-05-05 00:00:00,59,1.0,53.0,5.0,324,203,62,,,6.0,0.0,22.0,9.0,,0.6265432098765432
2020-05-06 00:00:00,63,1.0,54.0,4.0,343,216,64,,,4.0,0.0,13.0,19.0,,0.6297376093294461
2020-05-07 00:00:00,64,1.0,58.0,4.0,360,235,1,,,1.0,0.0,19.0,17.0,,0.6527777777777778
2020-05-10 00:00:00,70,1.0,62.0,4.0,387,247,70,,,6.0,0.0,12.0,27.0,,0.6382428940568475
2020-05-11 00:00:00,70,1.0,62.0,5.0,390,249,71,,,0.0,0.0,2.0,3.0,,0.6384615384615384
2020-05-12 00:00:00,74,2.0,64.0,4.0,418,258,86,,,4.0,1.0,9.0,28.0,,0.6172248803827751
2020-05-13 00:00:00,78,2.0,69.0,6.0,437,267,92,,,4.0,0.0,9.0,19.0,,0.6109839816933639
2020-05-14 00:00:00,81,2.0,72.0,5.0,459,274,104,,,3.0,0.0,7.0,22.0,,0.5969498910675382
2020-05-15 00:00:00,86,2.0,76.0,6.0,488,282,120,,,5.0,0.0,8.0,29.0,,0.5778688524590164
2020-05-16 00:00:00,90,3.0,78.0,5.0,512,297,125,,,4.0,1.0,15.0,24.0,,0.580078125
2020-05-17 00:00:00,92,3.0,79.0,5.0,524,301,131,,,2.0,0.0,4.0,12.0,,0.5744274809160306
2020-05-18 00:00:00,95,3.0,81.0,6.0,546,315,136,,,3.0,0.0,14.0,22.0,,0.5769230769230769
2020-05-19 00:00:00,98,3.0,85.0,6.0,555,333,124,,,3.0,0.0,18.0,9.0,,0.6
2020-05-20 00:00:00,107,3.0,90.0,8.0,612,349,156,,,9.0,0.0,16.0,57.0,,0.5702614379084967
2020-05-21 00:00:00,114,3.0,96.0,6.0,639,372,153,,,7.0,0.0,23.0,27.0,,0.5821596244131455
2020-05-22 00:00:00,122,3.0,101.0,8.0,653,381,150,,,8.0,0.0,9.0,14.0,,0.5834609494640123
2020-05-23 00:00:00,132,3.0,118.0,6.0,681,398,151,,,10.0,0.0,17.0,28.0,,0.5844346549192364
2020-05-24 00:00:00,139,3.0,122.0,8.0,693,405,149,,,7.0,0.0,7.0,12.0,,0.5844155844155844
2020-05-25 00:00:00,144,3.0,124.0,11.0,706,408,154,,,5.0,0.0,3.0,13.0,,0.5779036827195467
2020-05-26 00:00:00,156,5.0,133.0,12.0,723,421,146,,,12.0,2.0,13.0,17.0,,0.5822959889349931
2020-05-27 00:00:00,169,5.0,143.0,12.0,787,450,168,,,13.0,0.0,29.0,64.0,,0.5717916137229987
2020-05-28 00:00:00,184,5.0,156.0,14.0,801,471,146,,,15.0,0.0,21.0,14.0,,0.5880149812734082
2020-05-29 00:00:00,200,6.0,170.0,12.0,909,491,218,,,16.0,1.0,20.0,108.0,,0.5401540154015402
2020-05-30 00:00:00,211,8.0,183.0,10.0,1001,520,270,,,11.0,2.0,29.0,92.0,,0.5194805194805194
2020-05-31 00:00:00,216,10.0,191.0,8.0,1011,553,242,,,5.0,2.0,33.0,10.0,,0.5469831849653808
2020-06-01 00:00:00,221,11.0,192.0,12.0,1026,556,249,,,5.0,1.0,3.0,15.0,,0.5419103313840156
2020-06-02 00:00:00,238,13.0,207.0,10.0,1088,590,260,,,17.0,2.0,34.0,62.0,,0.5422794117647058
2020-06-03 00:00:00,260,13.0,228.0,8.0,1200,650,290,,,22.0,0.0,60.0,112.0,,0.5416666666666666
2020-06-04 00:00:00,278,13.0,248.0,8.0,1298,680,340,1.0,0.564,18.0,0.0,30.0,98.0,,0.5238828967642527
2020-06-05 00:00:00,302,14.0,270.0,10.0,1352,710,340,1.0,0.6,24.0,1.0,30.0,54.0,0.0,0.5251479289940828
2020-06-06 00:00:00,316,15.0,287.0,11.0,1477,730,431,1.0,0.564,14.0,1.0,20.0,125.0,0.0,0.4942450914014895
2020-06-07 00:00:00,334,15.0,300.0,12.0,1525,744,441,1.0,0.618,18.0,0.0,14.0,48.0,0.0,0.4878688524590164
2020-06-08 00:00:00,334,15.0,301.0,9.0,1571,744,493,1.0,0.618,0.0,0.0,0.0,46.0,0.0,0.47358370464672184
2020-06-09 00:00:00,370,17.0,335.0,9.0,1750,780,600,3.0,0.6729999999999999,36.0,2.0,36.0,179.0,2.0,0.44571428571428573
2020-06-10 00:00:00,400,21.0,363.0,8.0,1897,795,702,2.0,0.509,30.0,4.0,15.0,147.0,-1.0,0.419082762256194
2020-06-11 00:00:00,464,22.0,425.0,11.0,1988,830,694,3.0,0.564,64.0,1.0,35.0,91.0,1.0,0.41750503018108653
2020-06-12 00:00:00,490,23.0,452.0,10.0,2064,870,704,4.0,0.618,26.0,1.0,40.0,76.0,1.0,0.42151162790697677
2020-06-13 00:00:00,519,25.0,479.0,13.0,2160,916,725,3.0,0.655,29.0,2.0,46.0,96.0,-1.0,0.42407407407407405
2020-06-14 00:00:00,530,26.0,484.0,16.0,2223,921,772,2.0,0.618,11.0,1.0,5.0,63.0,-1.0,0.4143049932523617
2020-06-15 00:00:00,547,26.0,501.0,13.0,2292,925,820,2.0,0.618,17.0,0.0,4.0,69.0,0.0,0.40357766143106455
2020-06-16 00:00:00,606,30.0,557.0,10.0,2619,925,1088,2.0,0.6,59.0,4.0,0.0,327.0,0.0,0.3531882397861779
2020-06-17 00:00:00,656,31.0,600.0,18.0,2804,1010,1138,3.0,0.6,50.0,1.0,85.0,185.0,1.0,0.3601997146932953
2020-06-18 00:00:00,720,34.0,665.0,13.0,3037,1110,1207,3.0,0.618,64.0,3.0,100.0,233.0,0.0,0.3654922621007573
2020-06-19 00:00:00,800,37.0,737.0,19.0,3241,1150,1291,4.0,0.7090000000000001,80.0,3.0,40.0,204.0,1.0,0.35482875655661833
2020-06-20 00:00:00,838,38.0,774.0,23.0,3339,1210,1291,6.0,0.818,38.0,1.0,60.0,98.0,2.0,0.36238394728960766
2020-06-21 00:00:00,862,40.0,795.0,23.0,3477,1250,1365,6.0,0.8909999999999999,24.0,2.0,40.0,138.0,0.0,0.359505320678746
2020-06-22 00:00:00,884,46.0,807.0,25.0,3614,1270,1460,6.0,0.873,22.0,6.0,20.0,137.0,0.0,0.3514111787493083
2020-06-23 00:00:00,999,48.0,918.0,26.0,3967,1350,1618,6.0,0.855,115.0,2.0,80.0,353.0,0.0,0.34030753718174944
2020-06-24 00:00:00,1056,54.0,957.0,35.0,4251,1420,1775,2.0,0.745,57.0,6.0,70.0,284.0,-4.0,0.3340390496353799
2020-06-25 00:00:00,1161,55.0,1055.0,41.0,4696,1610,1925,2.0,0.8,105.0,1.0,190.0,445.0,0.0,0.3428449744463373
2020-06-26 00:00:00,1260,57.0,1150.0,43.0,5050,1820,1970,4.0,0.855,99.0,2.0,210.0,354.0,2.0,0.3603960396039604
2020-06-27 00:00:00,1320,60.0,1207.0,42.0,5240,1870,2050,5.0,0.782,60.0,3.0,50.0,190.0,1.0,0.3568702290076336
2020-06-28 00:00:00,1380,62.0,1264.0,43.0,5284,1910,1994,6.0,0.855,60.0,2.0,40.0,44.0,1.0,0.3614685844057532
2020-06-29 00:00:00,1396,66.0,1275.0,41.0,5475,1920,2159,5.0,0.8,16.0,4.0,10.0,191.0,-1.0,0.3506849315068493
2020-06-30 00:00:00,1547,68.0,1422.0,42.0,5832,2108,2177,4.0,0.782,151.0,2.0,188.0,357.0,-1.0,0.3614540466392318
2020-07-01 00:00:00,1615,70.0,1492.0,35.0,6209,2200,2394,5.0,0.818,68.0,2.0,92.0,377.0,1.0,0.35432436785311644
2020-07-02 00:00:00,1671,70.0,1548.0,38.0,6583,2320,2592,6.0,0.855,56.0,0.0,120.0,374.0,1.0,0.3524229074889868
2020-07-03 00:00:00,1891,72.0,1770.0,37.0,6996,2469,2636,6.0,0.873,220.0,2.0,149.0,413.0,0.0,0.35291595197255576
2020-07-04 00:00:00,1959,76.0,1830.0,36.0,7284,2580,2748,4.0,0.873,68.0,4.0,111.0,288.0,-2.0,0.3542009884678748
2020-07-05 00:00:00,1996,77.0,1867.0,40.0,7431,2585,2850,4.0,0.909,37.0,1.0,5.0,147.0,0.0,0.347867043466559
2020-07-06 00:00:00,2093,80.0,1951.0,34.0,7651,2600,2958,4.0,0.81,97.0,3.0,15.0,220.0,0.0,0.3398248594954908
2020-07-07 00:00:00,2269,83.0,2110.0,46.0,8210,2720,3221,4.0,0.825,176.0,3.0,120.0,559.0,0.0,0.3313032886723508
2020-07-08 00:00:00,2436,88.0,2269.0,46.0,8681,2820,3425,4.0,0.841,167.0,5.0,100.0,471.0,0.0,0.32484736781476786
2020-07-09 00:00:00,2507,90.0,2342.0,45.0,9129,3289,3333,2.0,0.873,71.0,2.0,469.0,448.0,-2.0,0.3602804250191697
2020-07-10 00:00:00,2681,92.0,2513.0,49.0,9695,3439,3575,2.0,0.857,174.0,2.0,150.0,566.0,0.0,0.3547189272821042
2020-07-11 00:00:00,2775,95.0,2606.0,52.0,10039,3659,3605,2.0,0.889,94.0,3.0,220.0,344.0,0.0,0.36447853371849787
2020-07-12 00:00:00,2783,96.0,2617.0,50.0,10235,3709,3743,1.0,0.889,8.0,1.0,50.0,196.0,-1.0,0.3623839765510503
2020-07-13 00:00:00,2852,100.0,2679.0,51.0,10408,3730,3826,2.0,0.937,69.0,4.0,21.0,173.0,1.0,0.3583781706379708
2020-07-14 00:00:00,3038,102.0,2852.0,62.0,10918,3775,4105,2.0,0.905,186.0,2.0,45.0,510.0,0.0,0.3457592965744642
2020-07-15 00:00:00,3308,105.0,3116.0,69.0,11490,3975,4207,1.0,0.9,270.0,3.0,200.0,572.0,-1.0,0.34595300261096606
2020-07-16 00:00:00,3568,110.0,3366.0,73.0,12012,3995,4449,0.0,0.875,260.0,5.0,20.0,522.0,-1.0,0.33258408258408256
2020-07-17 00:00:00,3804,110.0,3605.0,72.0,12595,4015,4776,0.0,0.875,236.0,0.0,20.0,583.0,0.0,0.31877729257641924
2020-07-18 00:00:00,3913,113.0,3715.0,70.0,12994,4045,5036,2.0,0.847,109.0,3.0,30.0,399.0,2.0,0.3112975219331999
2020-07-19 00:00:00,3947,114.0,3747.0,70.0,13161,4053,5161,3.0,0.903,34.0,1.0,8.0,167.0,1.0,0.30795532254387964
2020-07-20 00:00:00,3975,120.0,3770.0,67.0,13388,4119,5294,2.0,0.889,28.0,6.0,66.0,227.0,-1.0,0.30766357932476845
2020-07-21 00:00:00,4151,124.0,3936.0,75.0,13948,4337,5460,2.0,0.872,176.0,4.0,218.0,560.0,0.0,0.3109406366504158
2020-07-22 00:00:00,4344,128.0,4128.0,74.0,14401,4425,5632,2.0,0.9229999999999999,193.0,4.0,88.0,453.0,0.0,0.3072703284494132
2020-07-23 00:00:00,4603,129.0,4390.0,72.0,14824,4730,5491,2.0,0.9490000000000001,259.0,1.0,305.0,423.0,0.0,0.319077172153265
2020-07-24 00:00:00,4809,130.0,4596.0,83.0,15068,4920,5339,2.0,0.846,206.0,1.0,190.0,244.0,0.0,0.32651977701088397
2020-07-25 00:00:00,4909,136.0,4703.0,70.0,15293,5288,5096,5.0,0.8079999999999999,100.0,6.0,368.0,225.0,3.0,0.3457791146276074
2020-07-26 00:00:00,4926,140.0,4721.0,65.0,15344,6300,4118,4.0,0.8590000000000001,17.0,4.0,1012.0,51.0,-1.0,0.41058394160583944
2020-07-27 00:00:00,4985,142.0,4776.0,67.0,15546,6648,3913,3.0,0.782,59.0,2.0,348.0,202.0,-1.0,0.42763411810111923
2020-07-28 00:00:00,5185,148.0,4976.0,61.0,16053,6745,4123,4.0,0.833,200.0,6.0,97.0,507.0,1.0,0.4201706846072385
2020-07-29 00:00:00,5387,148.0,5171.0,68.0,16599,7019,4193,8.0,0.833,202.0,0.0,274.0,546.0,4.0,0.42285679860232545
2020-07-30 00:00:00,5574,155.0,5345.0,74.0,17050,7019,4457,4.0,0.846,187.0,7.0,0.0,451.0,-4.0,0.4116715542521994
2020-07-31 00:00:00,5697,157.0,5466.0,74.0,17435,7781,3957,3.0,0.821,123.0,2.0,762.0,385.0,-1.0,0.446286205907657
2020-08-01 00:00:00,5769,161.0,5537.0,71.0,17690,8464,3457,3.0,0.821,72.0,4.0,683.0,255.0,0.0,0.4784624081401922
2020-08-02 00:00:00,5792,162.0,5558.0,72.0,17830,9081,2957,1.0,0.818,23.0,1.0,617.0,140.0,-2.0,0.5093101514301739
2020-08-03 00:00:00,5867,162.0,5639.0,66.0,17961,9647,2447,3.0,0.818,75.0,0.0,566.0,131.0,2.0,0.5371081788319136
2020-08-04 00:00:00,6167,169.0,5933.0,65.0,18528,10066,2295,3.0,0.784,300.0,7.0,419.0,567.0,0.0,0.5432858376511226
2020-08-05 00:00:00,6374,172.0,6129.0,73.0,18971,10403,2194,2.0,0.818,207.0,3.0,337.0,443.0,-1.0,0.5483632913394128
2020-08-06 00:00:00,6484,172.0,6233.0,79.0,19381,10727,2170,3.0,0.875,110.0,0.0,324.0,410.0,1.0,0.5534802125793302
2020-08-07 00:00:00,6590,175.0,6338.0,77.0,19675,10934,2151,1.0,0.784,106.0,3.0,207.0,294.0,-2.0,0.5557306226175349
2020-08-08 00:00:00,6660,179.0,6410.0,71.0,19953,11145,2148,1.0,0.67,70.0,4.0,211.0,278.0,0.0,0.5585626221620809
2020-08-09 00:00:00,6663,179.0,6422.0,62.0,20074,11145,2266,1.0,0.716,3.0,0.0,0.0,121.0,0.0,0.5551957756301684
2020-08-10 00:00:00,6716,181.0,6470.0,65.0,20241,11385,2140,0.0,0.705,53.0,2.0,240.0,167.0,-1.0,0.5624722098710538
2020-08-11 00:00:00,6820,181.0,6574.0,65.0,20724,11768,2136,1.0,0.659,104.0,0.0,383.0,483.0,1.0,0.567844045551052
2020-08-12 00:00:00,7009,183.0,6764.0,62.0,21048,11906,2133,1.0,0.727,189.0,2.0,138.0,324.0,0.0,0.5656594450779171
2020-08-13 00:00:00,7131,186.0,6882.0,63.0,21321,12063,2127,2.0,0.727,122.0,3.0,157.0,273.0,1.0,0.5657802166877726
2020-08-14 00:00:00,7234,187.0,6986.0,61.0,21671,12313,2124,2.0,0.6829999999999999,103.0,1.0,250.0,350.0,0.0,0.5681786719579162
2020-08-15 00:00:00,7278,188.0,7032.0,58.0,21887,12486,2123,2.0,0.693,44.0,1.0,173.0,216.0,0.0,0.5704756248001096
2020-08-16 00:00:00,7280,188.0,7032.0,60.0,21972,12569,2123,3.0,0.763,2.0,0.0,83.0,85.0,1.0,0.5720462406699436
2020-08-17 00:00:00,7343,189.0,7093.0,61.0,22181,12717,2121,3.0,0.6629999999999999,63.0,1.0,148.0,209.0,0.0,0.5733285244127857
2020-08-18 00:00:00,7446,192.0,7195.0,59.0,22548,12985,2117,5.0,0.594,103.0,3.0,268.0,367.0,2.0,0.5758825616462657
2020-08-19 00:00:00,7571,196.0,7324.0,51.0,22885,13031,2283,2.0,0.525,125.0,4.0,46.0,337.0,-3.0,0.5694122787852305
2020-08-20 00:00:00,7651,199.0,7400.0,52.0,23266,13453,2162,3.0,0.584,80.0,3.0,422.0,381.0,1.0,0.5782257371271383
2020-08-21 00:00:00,7754,202.0,7499.0,53.0,23592,13624,2214,3.0,0.644,103.0,3.0,171.0,326.0,0.0,0.5774838928450322
2020-08-22 00:00:00,7800,202.0,7539.0,59.0,23715,13647,2268,3.0,0.6829999999999999,46.0,0.0,23.0,123.0,0.0,0.5754585705249842
2020-08-23 00:00:00,7836,204.0,7581.0,51.0,23760,13648,2276,4.0,0.6629999999999999,36.0,2.0,1.0,45.0,1.0,0.5744107744107744
2020-08-24 00:00:00,7877,206.0,7616.0,55.0,23911,13651,2383,3.0,0.644,41.0,2.0,3.0,151.0,-1.0,0.5709087867508678
2020-08-25 00:00:00,7994,207.0,7738.0,49.0,24309,13703,2612,4.0,0.644,117.0,1.0,52.0,398.0,1.0,0.5637006869883582
2020-08-26 00:00:00,8137,209.0,7874.0,54.0,24637,13763,2737,1.0,0.6629999999999999,143.0,2.0,60.0,328.0,-3.0,0.5586313268660957
2020-08-27 00:00:00,8234,209.0,7977.0,48.0,24932,13795,2903,0.0,0.6829999999999999,97.0,0.0,32.0,295.0,-1.0,0.5533049895716349
2020-08-28 00:00:00,8340,210.0,8076.0,54.0,25187,13914,2933,0.0,0.6829999999999999,106.0,1.0,119.0,255.0,0.0,0.5524278397586057
2020-08-29 00:00:00,8380,212.0,8118.0,50.0,25401,14058,2963,1.0,0.604,40.0,2.0,144.0,214.0,1.0,0.553442777843392
2020-08-30 00:00:00,8386,213.0,8128.0,45.0,25486,14116,2984,1.0,0.644,6.0,1.0,58.0,85.0,0.0,0.5538727144314526
2020-08-31 00:00:00,8439,214.0,8186.0,39.0,25598,14145,3014,1.0,0.604,53.0,1.0,29.0,112.0,0.0,0.5525822329869521
2020-09-01 00:00:00,8603,215.0,8346.0,42.0,26006,14319,3084,1.0,0.594,164.0,1.0,174.0,408.0,0.0,0.5506037068368838
2020-09-02 00:00:00,8670,218.0,8411.0,41.0,26238,14407,3161,1.0,0.584,67.0,3.0,88.0,232.0,0.0,0.5490891074014788
2020-09-03 00:00:00,8783,219.0,8522.0,42.0,26547,14548,3216,2.0,0.574,113.0,1.0,141.0,309.0,1.0,0.5480091912457151
2020-09-04 00:00:00,8952,222.0,8687.0,34.0,26871,14681,3238,1.0,0.525,169.0,3.0,133.0,324.0,-1.0,0.5463510848126233
2020-09-05 00:00:00,9013,222.0,8749.0,42.0,27094,14794,3287,1.0,0.5539999999999999,61.0,0.0,113.0,223.0,0.0,0.5460249501734702
2020-09-06 00:00:00,9035,223.0,8768.0,44.0,27175,14997,3143,0.0,0.584,22.0,1.0,203.0,81.0,-1.0,0.5518675252989881
2020-09-07 00:00:00,9055,224.0,8790.0,41.0,27269,14043,3171,1.0,0.5539999999999999,20.0,1.0,-954.0,94.0,1.0,0.5149803806520225
2020-09-08 00:00:00,9099,224.0,8831.0,44.0,27371,15268,3004,1.0,0.495,44.0,0.0,1225.0,102.0,0.0,0.5578166672755837
2020-09-09 00:00:00,9214,225.0,8945.0,44.0,27755,15393,3148,1.0,0.5539999999999999,115.0,1.0,125.0,384.0,0.0,0.5546027742749055
2020-09-10 00:00:00,9353,225.0,9084.0,44.0,28059,15805,2901,0.0,0.535,139.0,0.0,412.0,304.0,-1.0,0.5632773798068356
2020-09-11 00:00:00,9409,226.0,9146.0,37.0,28230,15897,2924,0.0,0.515,56.0,1.0,92.0,171.0,0.0,0.563124335812965
2020-09-12 00:00:00,9506,227.0,9240.0,39.0,28418,15938,2974,0.0,0.604,97.0,1.0,41.0,188.0,0.0,0.5608417200365965
2020-09-13 00:00:00,9525,228.0,9257.0,39.0,28510,15945,3041,0.0,0.584,19.0,1.0,7.0,92.0,0.0,0.5592774465099964
2020-09-14 00:00:00,9526,230.0,9262.0,34.0,28569,15945,3098,0.0,0.505,1.0,2.0,0.0,59.0,0.0,0.5581224404074346
2020-09-15 00:00:00,9544,230.0,9280.0,34.0,28751,16121,3086,0.0,0.515,18.0,0.0,176.0,182.0,0.0,0.5607109317936767
2020-09-16 00:00:00,9578,230.0,9310.0,38.0,28880,16237,3065,0.0,0.505,34.0,0.0,116.0,129.0,0.0,0.5622229916897507
2020-09-17 00:00:00,9713,231.0,9445.0,37.0,29244,16476,3052,0.0,0.475,135.0,1.0,239.0,364.0,0.0,0.5633976200246205
2020-09-18 00:00:00,9780,231.0,9510.0,39.0,29514,16726,3008,0.0,0.525,67.0,0.0,250.0,270.0,0.0,0.566714101782205
2020-09-19 00:00:00,9840,231.0,9570.0,39.0,29716,16870,3006,0.0,0.515,60.0,0.0,144.0,202.0,0.0,0.5677076322519855
2020-09-20 00:00:00,9841,231.0,9573.0,37.0,29811,16874,3096,0.0,0.505,1.0,0.0,4.0,95.0,0.0,0.5660326725034384
2020-09-21 00:00:00,9923,233.0,9650.0,40.0,29895,16969,3003,0.0,0.545,82.0,2.0,95.0,84.0,0.0,0.5676200033450409
2020-09-22 00:00:00,10041,236.0,9764.0,41.0,30244,17187,3016,1.0,0.564,118.0,3.0,218.0,349.0,1.0,0.5682780055548208
2020-09-23 00:00:00,10112,238.0,9835.0,39.0,30550,17301,3137,1.0,0.594,71.0,2.0,114.0,306.0,0.0,0.5663175122749591
2020-09-24 00:00:00,10153,239.0,9872.0,42.0,30761,17427,3181,2.0,0.594,41.0,1.0,126.0,211.0,1.0,0.5665290465199441
2020-09-25 00:00:00,10269,241.0,9990.0,38.0,30958,17536,3153,2.0,0.5539999999999999,116.0,2.0,109.0,197.0,0.0,0.5664448607791202
2020-09-26 00:00:00,10326,242.0,10049.0,35.0,31201,17631,3244,3.0,0.505,57.0,1.0,95.0,243.0,1.0,0.5650780423704368
2020-09-27 00:00:00,10330,243.0,10050.0,37.0,31294,17641,3323,3.0,0.584,4.0,1.0,10.0,93.0,0.0,0.5637182846552055
2020-09-28 00:00:00,10343,244.0,10065.0,34.0,31378,17691,3344,2.0,0.525,13.0,1.0,50.0,84.0,-1.0,0.5638026642870801
2020-09-29 00:00:00,10480,247.0,10196.0,37.0,31759,17957,3322,1.0,0.535,137.0,3.0,266.0,381.0,-1.0,0.5654145281652445
2020-09-30 00:00:00,10560,248.0,10272.0,40.0,31990,18070,3360,1.0,0.535,80.0,1.0,113.0,231.0,0.0,0.5648640200062519
2020-10-01 00:00:00,10638,248.0,10351.0,39.0,32211,18218,3355,1.0,0.545,78.0,0.0,148.0,221.0,0.0,0.5655831858681817
2020-10-02 00:00:00,10738,250.0,10446.0,42.0,32410,18412,3260,0.0,0.624,100.0,2.0,194.0,199.0,-1.0,0.5680962665843875
2020-10-03 00:00:00,10795,254.0,10506.0,35.0,32592,18511,3286,0.0,0.515,57.0,4.0,99.0,182.0,0.0,0.5679614629356897
2020-10-04 00:00:00,10804,255.0,10514.0,35.0,32638,18516,3318,0.0,0.614,9.0,1.0,5.0,46.0,0.0,0.5673141736626018
2020-10-05 00:00:00,10828,257.0,10537.0,34.0,32764,18550,3386,2.0,0.535,24.0,2.0,34.0,126.0,2.0,0.5661701867903797
2020-10-06 00:00:00,10924,257.0,10634.0,33.0,33018,18755,3339,4.0,0.535,96.0,0.0,205.0,254.0,2.0,0.5680235023320613
2020-10-07 00:00:00,10986,259.0,10695.0,32.0,33192,18842,3364,4.0,0.465,62.0,2.0,87.0,174.0,0.0,0.5676669076885996
2020-10-08 00:00:00,11045,262.0,10753.0,30.0,33352,18968,3339,2.0,0.446,59.0,3.0,126.0,160.0,-2.0,0.5687215159510673
2020-10-09 00:00:00,11085,263.0,10795.0,27.0,33477,19069,3323,1.0,0.436,40.0,1.0,101.0,125.0,-1.0,0.5696149595244496
2020-10-10 00:00:00,11126,263.0,10841.0,22.0,33661,19099,3436,3.0,0.396,41.0,0.0,30.0,184.0,2.0,0.567392531416179
2020-10-11 00:00:00,11132,263.0,10845.0,24.0,33719,19107,3480,3.0,0.34700000000000003,6.0,0.0,8.0,58.0,0.0,0.5666538153563273
2020-10-12 00:00:00,11136,263.0,10847.0,26.0,33764,19111,3517,3.0,0.376,4.0,0.0,4.0,45.0,0.0,0.566017059590096
2020-10-13 00:00:00,11148,264.0,10859.0,25.0,33889,19156,3585,0.0,0.406,12.0,1.0,45.0,125.0,-3.0,0.5652571630912685
2020-10-14 00:00:00,11234,265.0,10945.0,24.0,34148,19416,3498,1.0,0.446,86.0,1.0,260.0,259.0,1.0,0.5685838116434344
2020-10-15 00:00:00,11288,269.0,10995.0,24.0,34293,19526,3479,1.0,0.406,54.0,4.0,110.0,145.0,0.0,0.569387338523897
2020-10-16 00:00:00,11343,270.0,11050.0,23.0,34494,19614,3537,2.0,0.376,55.0,1.0,88.0,201.0,1.0,0.568620629674726
2020-10-17 00:00:00,11382,270.0,11091.0,21.0,34961,19673,3636,1.0,0.307,39.0,0.0,59.0,467.0,-1.0,0.5627127370498556
2020-10-18 00:00:00,11384,270.0,11097.0,17.0,34772,19689,3699,1.0,0.287,2.0,0.0,16.0,-189.0,0.0,0.5662314505924307
2020-10-19 00:00:00,11391,270.0,11105.0,16.0,34886,19857,3638,0.0,0.307,7.0,0.0,168.0,114.0,-1.0,0.5691968124749183
2020-10-20 00:00:00,11436,270.0,11147.0,19.0,35091,20017,3638,2.0,0.297,45.0,0.0,160.0,205.0,2.0,0.5704311646861019
2020-10-21 00:00:00,11501,271.0,11213.0,17.0,35250,20368,3381,2.0,0.33299999999999996,65.0,1.0,351.0,159.0,0.0,0.5778156028368794
2020-10-22 00:00:00,11532,272.0,11244.0,16.0,35469,20574,3363,0.0,0.359,31.0,1.0,206.0,219.0,-2.0,0.5800558233950774
2020-10-23 00:00:00,11560,272.0,11269.0,19.0,35572,20623,3389,0.0,0.436,28.0,0.0,49.0,103.0,0.0,0.5797537388957608
2020-10-24 00:00:00,11580,274.0,11285.0,21.0,35684,20656,3448,0.0,0.385,20.0,2.0,33.0,112.0,0.0,0.5788588723237306
2020-10-25 00:00:00,11580,274.0,11285.0,21.0,35723,20659,3484,0.0,0.385,0.0,0.0,3.0,39.0,0.0,0.5783108921423172
2020-10-26 00:00:00,11610,274.0,11315.0,21.0,35823,20734,3479,0.0,0.385,30.0,0.0,75.0,100.0,0.0,0.5787901627446054
2020-10-27 00:00:00,11630,275.0,11336.0,19.0,36035,20861,3544,0.0,0.385,20.0,1.0,127.0,212.0,0.0,0.5789093936450673
2020-10-28 00:00:00,11664,275.0,11370.0,19.0,36203,21016,3523,0.0,0.397,34.0,0.0,155.0,168.0,0.0,0.5805043780902135
2020-10-29 00:00:00,11729,275.0,11436.0,18.0,36443,21142,3572,0.0,0.33299999999999996,65.0,0.0,126.0,240.0,0.0,0.5801388469664956
2020-10-30 00:00:00,11768,275.0,11477.0,16.0,36593,21198,3627,0.0,0.33299999999999996,39.0,0.0,56.0,150.0,0.0,0.5792911212526985
2020-10-31 00:00:00,11768,275.0,11476.0,17.0,36674,21209,3697,0.0,0.321,0.0,0.0,11.0,81.0,0.0,0.5783116104051916
2020-11-01 00:00:00,11771,275.0,11480.0,16.0,36744,21212,3761,0.0,0.308,3.0,0.0,3.0,70.0,0.0,0.5772915305900284
2020-11-02 00:00:00,11773,276.0,11481.0,16.0,36807,21213,3821,1.0,0.282,2.0,1.0,1.0,63.0,1.0,0.5763305892900807
2020-11-03 00:00:00,11776,276.0,11484.0,16.0,36851,21238,3837,1.0,0.295,3.0,0.0,25.0,44.0,0.0,0.5763208596781634
2020-11-04 00:00:00,11811,276.0,11516.0,19.0,37097,21594,3692,1.0,0.321,35.0,0.0,356.0,246.0,0.0,0.5820955872442516
2020-11-05 00:00:00,11868,276.0,11574.0,18.0,37306,21822,3616,1.0,0.282,57.0,0.0,228.0,209.0,0.0,0.5849461212673565
2020-11-06 00:00:00,11907,276.0,11611.0,20.0,37503,21927,3669,1.0,0.308,39.0,0.0,105.0,197.0,0.0,0.5846732261419086
2020-11-07 00:00:00,11927,276.0,11631.0,20.0,37643,22014,3702,1.0,0.321,20.0,0.0,87.0,140.0,0.0,0.5848099248200197
2020-11-08 00:00:00,11928,277.0,11633.0,18.0,37689,22180,3581,1.0,0.282,1.0,1.0,166.0,46.0,0.0,0.5885006235241051
2020-11-09 00:00:00,11939,277.0,11644.0,18.0,37780,22241,3600,2.0,0.295,11.0,0.0,61.0,91.0,1.0,0.588697723663314
2020-11-10 00:00:00,11964,278.0,11671.0,15.0,37982,22475,3543,2.0,0.308,25.0,1.0,234.0,202.0,0.0,0.5917276604707493
2020-11-11 00:00:00,11998,278.0,11703.0,17.0,38226,22645,3583,0.0,0.33299999999999996,34.0,0.0,170.0,244.0,-2.0,0.5923978443991
2020-11-12 00:00:00,12035,278.0,11741.0,16.0,38437,22911,3491,0.0,0.321,37.0,0.0,266.0,211.0,0.0,0.596066290293207
2020-11-13 00:00:00,12058,279.0,11759.0,20.0,38617,23125,3434,0.0,0.321,23.0,1.0,214.0,180.0,0.0,0.5988295310355543
2020-11-14 00:00:00,12076,280.0,11778.0,18.0,38802,23287,3439,0.0,0.308,18.0,1.0,162.0,185.0,0.0,0.6001494768310912
2020-11-15 00:00:00,12079,281.0,11779.0,19.0,38872,23300,3493,0.0,0.295,3.0,1.0,13.0,70.0,0.0,0.5994031693764149
2020-11-16 00:00:00,12084,281.0,11786.0,17.0,38975,23319,3572,0.0,0.25,5.0,0.0,19.0,103.0,0.0,0.5983066067992303
2020-11-17 00:00:00,12107,281.0,11811.0,15.0,39169,23678,3384,0.0,0.295,23.0,0.0,359.0,194.0,0.0,0.6045086675687406
2020-11-18 00:00:00,12169,281.0,11872.0,16.0,39454,23986,3299,0.0,0.295,62.0,0.0,308.0,285.0,0.0,0.6079484969838292
2020-11-19 00:00:00,12212,281.0,11912.0,19.0,39690,24181,3297,0.0,0.321,43.0,0.0,195.0,236.0,0.0,0.609246661627614
2020-11-20 00:00:00,12232,281.0,11930.0,21.0,39856,24424,3200,0.0,0.33299999999999996,20.0,0.0,243.0,166.0,0.0,0.6128061019670815
2020-11-22 00:00:00,12233,281.0,11930.0,22.0,39997,24433,3331,1.0,0.37200000000000005,1.0,0.0,9.0,141.0,1.0,0.6108708153111483
2020-11-23 00:00:00,12267,283.0,11964.0,20.0,40177,24470,3440,2.0,0.33299999999999996,34.0,2.0,37.0,180.0,1.0,0.6090549319262264
2020-11-24 00:00:00,12312,283.0,12005.0,24.0,40606,24769,3525,2.0,0.359,45.0,0.0,299.0,429.0,0.0,0.6099837462443973
2020-11-25 00:00:00,12351,284.0,12040.0,27.0,40813,25027,3435,1.0,0.321,39.0,1.0,258.0,207.0,-1.0,0.6132114767353539
2020-11-26 00:00:00,12418,285.0,12104.0,29.0,41165,25496,3251,1.0,0.321,67.0,1.0,469.0,352.0,0.0,0.6193611077371554
2020-11-27 00:00:00,12456,286.0,12143.0,27.0,41444,25768,3220,1.0,0.33299999999999996,38.0,1.0,272.0,279.0,0.0,0.621754656886401
2020-11-28 00:00:00,12494,287.0,12184.0,23.0,41656,26002,3160,0.0,0.308,38.0,1.0,234.0,212.0,-1.0,0.6242077971960822
2020-11-29 00:00:00,12514,287.0,12203.0,24.0,41780,26625,2641,2.0,0.359,20.0,0.0,623.0,124.0,2.0,0.6372666347534706
2020-11-30 00:00:00,12539,288.0,12228.0,23.0,41924,26863,2522,1.0,0.34600000000000003,25.0,1.0,238.0,144.0,-1.0,0.6407546989791051
2020-12-01 00:00:00,12581,289.0,12268.0,24.0,42266,27081,2604,1.0,0.33299999999999996,42.0,1.0,218.0,342.0,0.0,0.6407277717314154
2020-12-02 00:00:00,12601,290.0,12285.0,26.0,42427,27162,2664,1.0,0.397,20.0,1.0,81.0,161.0,0.0,0.6402055294977255
2020-12-03 00:00:00,12679,290.0,12364.0,25.0,42758,27463,2616,1.0,0.41,78.0,0.0,301.0,331.0,0.0,0.6422891622620328
2020-12-04 00:00:00,12733,290.0,12417.0,26.0,43047,27734,2580,0.0,0.397,54.0,0.0,271.0,289.0,-1.0,0.6442725393174902
2020-12-05 00:00:00,12763,292.0,12446.0,23.0,43286,27836,2687,0.0,0.37200000000000005,30.0,2.0,102.0,239.0,0.0,0.6430716628933142
2020-12-06 00:00:00,12771,293.0,12456.0,22.0,43367,27844,2752,1.0,0.359,8.0,1.0,8.0,81.0,1.0,0.6420550187930916
2020-12-07 00:00:00,12787,293.0,12471.0,23.0,43466,27876,2803,2.0,0.37200000000000005,16.0,0.0,32.0,99.0,1.0,0.6413288547370358
2020-12-08 00:00:00,12852,294.0,12533.0,25.0,43824,28151,2821,2.0,0.33299999999999996,65.0,1.0,275.0,358.0,0.0,0.6423649142022636
2020-12-09 00:00:00,12897,294.0,12573.0,30.0,44170,28310,2963,0.0,0.397,45.0,0.0,159.0,346.0,-2.0,0.6409327597917138
2020-12-10 00:00:00,12947,294.0,12624.0,29.0,44608,28443,3218,0.0,0.37200000000000005,50.0,0.0,133.0,438.0,0.0,0.6376210545193687
2020-12-11 00:00:00,13014,294.0,12686.0,34.0,44897,28590,3293,0.0,0.449,67.0,0.0,147.0,289.0,0.0,0.6367908768960064
2020-12-12 00:00:00,13075,295.0,12747.0,33.0,45126,28754,3197,0.0,0.474,61.0,1.0,164.0,229.0,0.0,0.637193635598103
2020-12-13 00:00:00,13117,296.0,12793.0,28.0,45185,29480,2588,0.0,0.359,42.0,1.0,726.0,59.0,0.0,0.6524289033971451
2020-12-14 00:00:00,13138,296.0,12816.0,26.0,45292,29716,2438,0.0,0.359,21.0,0.0,236.0,107.0,0.0,0.6560982071889075
2020-12-15 00:00:00,13235,296.0,12914.0,25.0,45646,29988,2423,0.0,0.359,97.0,0.0,272.0,354.0,0.0,0.6569688472155282
2020-12-16 00:00:00,13309,299.0,12983.0,27.0,46051,30162,2580,0.0,0.37200000000000005,74.0,3.0,174.0,405.0,0.0,0.6549694903476581
2020-12-17 00:00:00,13357,299.0,13031.0,27.0,46315,30528,2430,0.0,0.359,48.0,0.0,366.0,264.0,0.0,0.6591385080427508
2020-12-18 00:00:00,13425,299.0,13095.0,31.0,46589,30918,2246,0.0,0.46299999999999997,68.0,0.0,390.0,274.0,0.0,0.6636330464272683
2020-12-19 00:00:00,13479,300.0,13150.0,29.0,46948,31137,2332,0.0,0.37200000000000005,54.0,1.0,219.0,359.0,0.0,0.6632231404958677
2020-12-20 00:00:00,13497,300.0,13169.0,28.0,47064,31276,2291,1.0,0.359,18.0,0.0,139.0,116.0,1.0,0.664541900390957
2020-12-21 00:00:00,13530,300.0,13204.0,26.0,47182,31342,2310,1.0,0.359,33.0,0.0,66.0,118.0,0.0,0.6642787503709041
2020-12-22 00:00:00,13604,303.0,13276.0,25.0,47632,31715,2313,0.0,0.359,74.0,3.0,373.0,450.0,-1.0,0.6658338931810548
2020-12-23 00:00:00,13669,303.0,13339.0,27.0,48026,31820,2537,2.0,0.34600000000000003,65.0,0.0,105.0,394.0,2.0,0.662557781201849
2020-12-24 00:00:00,13717,304.0,13384.0,29.0,48393,32175,2501,0.0,0.436,48.0,1.0,355.0,367.0,-2.0,0.6648688859959085
2020-12-25 00:00:00,13748,306.0,13419.0,28.0,48628,32291,2589,0.0,0.397,31.0,2.0,116.0,235.0,0.0,0.6640412930821749
2020-12-26 00:00:00,13753,306.0,13419.0,28.0,48688,32293,2642,0.0,0.385,5.0,0.0,2.0,60.0,0.0,0.6632640486362142
2020-12-27 00:00:00,13781,306.0,13449.0,26.0,48825,32327,2717,1.0,0.397,28.0,0.0,34.0,137.0,1.0,0.6620993343573989
2020-12-28 00:00:00,13806,307.0,13470.0,29.0,48949,32369,2774,1.0,0.449,25.0,1.0,42.0,124.0,0.0,0.6612801078673721
2020-12-29 00:00:00,13959,310.0,13624.0,25.0,49459,32776,2724,0.0,0.41,153.0,3.0,407.0,510.0,-1.0,0.6626903091449483
2020-12-30 00:00:00,14046,311.0,13711.0,24.0,49994,33150,2798,0.0,0.359,87.0,1.0,374.0,535.0,0.0,0.6630795695483458
2020-12-31 00:00:00,14115,311.0,13776.0,28.0,50403,33505,2783,1.0,0.397,69.0,0.0,355.0,409.0,1.0,0.6647421780449576
2021-01-01 00:00:00,14132,312.0,13795.0,25.0,50551,33579,2840,2.0,0.37200000000000005,17.0,1.0,74.0,148.0,1.0,0.664259856382663
2021-01-02 00:00:00,14146,312.0,13804.0,30.0,50630,33741,2743,3.0,0.449,14.0,0.0,162.0,79.0,1.0,0.6664230693264863
2021-01-03 00:00:00,14161,312.0,13817.0,32.0,50767,33804,2802,4.0,0.474,15.0,0.0,63.0,137.0,1.0,0.6658656213682116
2021-01-04 00:00:00,14180,313.0,13837.0,30.0,50912,33824,2908,4.0,0.526,19.0,1.0,20.0,145.0,0.0,0.6643620364550598
2021-01-05 00:00:00,14257,315.0,13912.0,30.0,51297,34242,2798,5.0,0.551,77.0,2.0,418.0,385.0,1.0,0.6675244166325516
2021-01-06 00:00:00,14329,316.0,13980.0,33.0,51752,34347,3076,1.0,0.564,72.0,1.0,105.0,455.0,-4.0,0.6636844952852063
2021-01-07 00:00:00,14370,317.0,14016.0,37.0,52164,34598,3196,1.0,0.531,41.0,1.0,251.0,412.0,0.0,0.6632543516601488
2021-01-08 00:00:00,14461,317.0,14107.0,37.0,52550,35063,3026,2.0,0.506,91.0,0.0,465.0,386.0,1.0,0.6672312083729781
2021-01-09 00:00:00,14513,317.0,14158.0,38.0,52963,35186,3264,2.0,0.519,52.0,0.0,123.0,413.0,0.0,0.6643505843702208
2021-01-10 00:00:00,14529,318.0,14175.0,36.0,53104,35207,3368,2.0,0.519,16.0,1.0,21.0,141.0,0.0,0.6629820729135282
2021-01-11 00:00:00,14542,319.0,14180.0,43.0,53186,35468,3176,3.0,0.58,13.0,1.0,261.0,82.0,1.0,0.666867220697176
2021-01-12 00:00:00,14643,320.0,14284.0,39.0,53512,35870,2999,2.0,0.568,101.0,1.0,402.0,326.0,-1.0,0.6703169382568396
2021-01-13 00:00:00,14698,320.0,14339.0,39.0,54000,36250,3052,2.0,0.5429999999999999,55.0,0.0,380.0,488.0,0.0,0.6712962962962963
2021-01-14 00:00:00,14806,322.0,14443.0,41.0,54390,36555,3029,0.0,0.593,108.0,2.0,305.0,390.0,-2.0,0.6720904578047435
2021-01-15 00:00:00,14886,323.0,14516.0,47.0,54939,37009,3044,1.0,0.58,80.0,1.0,454.0,549.0,1.0,0.6736380349114472
2021-01-16 00:00:00,14963,323.0,14589.0,51.0,55388,37506,2919,1.0,0.568,77.0,0.0,497.0,449.0,0.0,0.6771502852603452
2021-01-17 00:00:00,14973,323.0,14602.0,48.0,55528,37528,3027,1.0,0.617,10.0,0.0,22.0,140.0,0.0,0.6758392162512606
2021-01-18 00:00:00,15006,323.0,14634.0,49.0,55638,37693,2939,1.0,0.654,33.0,0.0,165.0,110.0,0.0,0.6774686365433696
2021-01-19 00:00:00,15114,323.0,14742.0,49.0,56051,38244,2693,2.0,0.642,108.0,0.0,551.0,413.0,1.0,0.6823071845283759
2021-01-20 00:00:00,15201,325.0,14818.0,58.0,56419,38644,2574,1.0,0.667,87.0,2.0,400.0,368.0,-1.0,0.6849465605558411
2021-01-21 00:00:00,15318,326.0,14933.0,59.0,56893,38916,2659,9.0,0.679,117.0,1.0,272.0,474.0,8.0,0.6840208813034996
2021-01-22 00:00:00,15404,327.0,15018.0,59.0,57488,39126,2958,0.0,0.679,86.0,1.0,210.0,595.0,-9.0,0.6805942109657668
2021-01-23 00:00:00,15615,327.0,15223.0,65.0,57948,39493,2840,1.0,0.691,211.0,0.0,367.0,460.0,1.0,0.6815248153516946
2021-01-24 00:00:00,15631,328.0,15242.0,61.0,58123,39517,2975,1.0,0.654,16.0,1.0,24.0,175.0,0.0,0.6798857595100046
2021-01-25 00:00:00,15667,328.0,15280.0,59.0,58218,39885,2666,1.0,0.605,36.0,0.0,368.0,95.0,0.0,0.6850973925590024
2021-01-26 00:00:00,15868,329.0,15475.0,64.0,58888,40844,2176,1.0,0.7040000000000001,201.0,1.0,959.0,670.0,0.0,0.6935878277407961
2021-01-27 00:00:00,16087,330.0,15694.0,63.0,59606,41332,2187,4.0,0.617,219.0,1.0,488.0,718.0,3.0,0.6934201254907224
2021-01-28 00:00:00,16296,336.0,15890.0,70.0,60343,41594,2453,1.0,0.691,209.0,6.0,262.0,737.0,-3.0,0.6892928757270934
2021-01-29 00:00:00,16449,337.0,16038.0,74.0,60896,41992,2455,2.0,0.679,153.0,1.0,398.0,553.0,1.0,0.6895691014188124
2021-01-30 00:00:00,16577,338.0,16167.0,72.0,61418,42223,2618,2.0,0.7040000000000001,128.0,1.0,231.0,522.0,0.0,0.6874694714904426
2021-01-31 00:00:00,16595,340.0,16179.0,76.0,61519,42239,2685,0.0,0.679,18.0,2.0,16.0,101.0,-2.0,0.6866008875306816
2021-02-01 00:00:00,16624,341.0,16212.0,71.0,61698,42263,2811,1.0,0.691,29.0,1.0,24.0,179.0,1.0,0.6849978929624947
2021-02-02 00:00:00,16841,342.0,16426.0,73.0,62354,42520,2993,1.0,0.685,217.0,1.0,257.0,656.0,0.0,0.6819129486480419
2021-02-03 00:00:00,17002,344.0,16585.0,73.0,62932,42760,3170,1.0,0.63,161.0,2.0,240.0,578.0,0.0,0.6794635479565245
2021-02-04 00:00:00,17144,346.0,16723.0,75.0,63523,43015,3364,1.0,0.62,142.0,2.0,255.0,591.0,0.0,0.6771563055901012
2021-02-05 00:00:00,17292,348.0,16877.0,67.0,63990,43227,3471,2.0,0.5429999999999999,148.0,2.0,212.0,467.0,1.0,0.6755274261603376
2021-02-06 00:00:00,17416,350.0,16988.0,78.0,64376,43453,3507,1.0,0.598,124.0,2.0,226.0,386.0,-1.0,0.6749875730085746
2021-02-07 00:00:00,17432,351.0,17002.0,79.0,64473,43455,3586,1.0,0.598,16.0,1.0,2.0,97.0,0.0,0.674003071052999
2021-02-08 00:00:00,17458,354.0,17030.0,74.0,64632,43477,3697,2.0,0.565,26.0,3.0,22.0,159.0,1.0,0.6726853570986508
2021-02-09 00:00:00,17628,354.0,17203.0,71.0,65109,43695,3786,3.0,0.5870000000000001,170.0,0.0,218.0,477.0,1.0,0.6711053771368014
2021-02-10 00:00:00,17723,356.0,17296.0,71.0,65499,43881,3895,2.0,0.5760000000000001,95.0,2.0,186.0,390.0,-1.0,0.6699491595291531
2021-02-11 00:00:00,17834,358.0,17404.0,72.0,66036,44779,3423,3.0,0.565,111.0,2.0,898.0,537.0,1.0,0.6780998243382398
2021-02-12 00:00:00,17968,359.0,17539.0,70.0,66521,45710,2843,2.0,0.5760000000000001,134.0,1.0,931.0,485.0,-1.0,0.6871514258655161
2021-02-13 00:00:00,18103,361.0,17672.0,70.0,66969,45987,2879,1.0,0.5870000000000001,135.0,2.0,277.0,448.0,-1.0,0.6866908569636697
2021-02-14 00:00:00,18124,364.0,17698.0,62.0,67079,46007,2948,5.0,0.511,21.0,3.0,20.0,110.0,4.0,0.6858629377301391
2021-02-15 00:00:00,18150,366.0,17716.0,68.0,67230,46591,2489,3.0,0.565,26.0,2.0,584.0,151.0,-2.0,0.6930090733303584
2021-02-16 00:00:00,18308,366.0,17874.0,68.0,67729,46846,2578,3.0,0.598,158.0,0.0,255.0,499.0,0.0,0.6916682661784465
2021-02-17 00:00:00,18491,367.0,18053.0,71.0,68265,47595,2179,1.0,0.62,183.0,1.0,749.0,536.0,-2.0,0.6972094045264777
2021-02-18 00:00:00,18642,368.0,18207.0,67.0,68666,47840,2184,1.0,0.63,151.0,1.0,245.0,401.0,0.0,0.6967057932601287
2021-02-19 00:00:00,18813,370.0,18369.0,74.0,69274,48155,2306,1.0,0.6629999999999999,171.0,2.0,315.0,608.0,0.0,0.6951381470681641
2021-02-20 00:00:00,18931,370.0,18486.0,75.0,69600,48321,2348,1.0,0.6409999999999999,118.0,0.0,166.0,326.0,0.0,0.6942672413793104
2021-02-21 00:00:00,18949,370.0,18507.0,72.0,69677,48332,2396,2.0,0.652,18.0,0.0,11.0,77.0,1.0,0.693657878496491
2021-02-22 00:00:00,18963,370.0,18523.0,70.0,69825,48366,2496,2.0,0.6409999999999999,14.0,0.0,34.0,148.0,0.0,0.6926745435016112
2021-02-23 00:00:00,19123,373.0,18679.0,71.0,70412,48686,2603,2.0,0.652,160.0,3.0,320.0,587.0,0.0,0.6914446401181616
2021-02-24 00:00:00,19232,375.0,18788.0,69.0,70823,48912,2679,3.0,0.674,109.0,2.0,226.0,411.0,1.0,0.6906231026643886
2021-02-25 00:00:00,19359,379.0,18909.0,71.0,71229,49153,2717,2.0,0.696,127.0,4.0,241.0,406.0,-1.0,0.6900700557357257
2021-02-26 00:00:00,19484,381.0,19039.0,64.0,71503,49280,2739,3.0,0.652,125.0,2.0,127.0,274.0,1.0,0.6892018516705593
2021-02-27 00:00:00,19613,384.0,19155.0,74.0,71878,49423,2842,3.0,0.685,129.0,3.0,143.0,375.0,0.0,0.6875956481816411
2021-02-28 00:00:00,19632,386.0,19173.0,73.0,71984,49439,2913,4.0,0.7070000000000001,19.0,2.0,16.0,106.0,1.0,0.6868054012002667
2021-03-01 00:00:00,19657,387.0,19200.0,70.0,72133,49458,3018,4.0,0.674,25.0,1.0,19.0,149.0,0.0,0.6856501185310468
2021-03-02 00:00:00,19830,390.0,19371.0,69.0,72683,49672,3181,4.0,0.7170000000000001,173.0,3.0,214.0,550.0,0.0,0.6834060234167549
2021-03-03 00:00:00,19949,392.0,19484.0,73.0,73033,49871,3213,3.0,0.696,119.0,2.0,199.0,350.0,-1.0,0.6828556953705859
2021-03-04 00:00:00,20069,394.0,19603.0,72.0,73374,50645,2660,4.0,0.772,120.0,2.0,774.0,341.0,1.0,0.6902308719709979
2021-03-05 00:00:00,20237,397.0,19771.0,69.0,73885,50829,2819,2.0,0.696,168.0,3.0,184.0,511.0,-2.0,0.6879474859579076
2021-03-06 00:00:00,20393,398.0,19920.0,75.0,74317,51052,2872,2.0,0.685,156.0,1.0,223.0,432.0,0.0,0.6869491502617167
2021-03-07 00:00:00,20421,398.0,19938.0,85.0,74439,51078,2940,3.0,0.75,28.0,0.0,26.0,122.0,1.0,0.686172570829807
2021-03-08 00:00:00,20499,401.0,20025.0,73.0,74654,51118,3037,3.0,0.7609999999999999,78.0,3.0,40.0,215.0,0.0,0.6847322313606773
2021-03-09 00:00:00,20672,404.0,20195.0,73.0,75169,51354,3143,4.0,0.772,173.0,3.0,236.0,515.0,1.0,0.683180566456917
2021-03-10 00:00:00,20832,408.0,20350.0,74.0,75587,51567,3188,3.0,0.7929999999999999,160.0,4.0,213.0,418.0,-1.0,0.6822204876499928
2021-03-11 00:00:00,21051,411.0,20568.0,72.0,76096,51782,3263,4.0,0.772,219.0,3.0,215.0,509.0,1.0,0.6804825483599664
2021-03-11 12:26:00,21051,411.0,20568.0,72.0,76096,51782,3263,0.0,0.772,0.0,0.0,0.0,0.0,-4.0,0.6804825483599664
2021-03-12 12:56:00,21301,414.0,20812.0,75.0,76632,51982,3349,0.0,0.772,250.0,3.0,200.0,536.0,0.0,0.6783328113581794
2021-03-13 13:47:00,21453,417.0,20949.0,87.0,77158,52294,3411,0.0,0.8151999999999999,152.0,3.0,312.0,526.0,0.0,0.6777521449493248
2021-03-14 13:50:00,21474,418.0,20974.0,82.0,77315,52305,3536,0.0,0.7935,21.0,1.0,11.0,157.0,0.0,0.6765181400763112
2021-03-15 13:18:00,21519,420.0,21010.0,89.0,77516,52342,3655,0.0,0.848,45.0,2.0,37.0,201.0,0.0,0.6752412405180865
2021-03-16 12:07:00,21846,425.0,21321.0,100.0,78333,52732,3755,0.0,0.815,327.0,5.0,390.0,817.0,0.0,0.6731773326695007
2021-03-17 12:34:00,21978,428.0,21441.0,109.0,78819,52987,3854,0.0,0.902,132.0,3.0,255.0,486.0,0.0,0.672261764295411
2021-03-18 12:39:00,22172,428.0,21640.0,104.0,79475,53232,4071,0.0,0.772,194.0,0.0,245.0,656.0,0.0,0.6697955331865366
2021-03-19 13:03:00,22369,430.0,21831.0,108.0,79968,53565,4034,0.0,0.815,197.0,2.0,333.0,493.0,0.0,0.6698304321728692
2021-03-20 14:49:00,22527,433.0,21986.0,108.0,80516,53792,4197,0.0,0.9022,158.0,3.0,227.0,548.0,0.0,0.6680908142480998
2021-03-21 14:37:00,22611,435.0,22070.0,106.0,80750,53899,4240,0.0,0.9239,84.0,2.0,107.0,234.0,0.0,0.6674798761609907
2021-03-22 12:17:00,22691,440.0,22140.0,111.0,81076,53981,4404,0.0,0.924,80.0,5.0,82.0,326.0,0.0,0.6658073905964774
2021-03-23 12:58:00,22958,450.0,22399.0,109.0,81816,54273,4585,0.0,0.8909999999999999,267.0,10.0,292.0,740.0,0.0,0.6633543561161631
2021-03-24 12:36:00,23153,460.0,22579.0,114.0,82362,54636,4573,0.0,0.9570000000000001,195.0,10.0,363.0,546.0,0.0,0.6633641727981351
2021-03-25 13:19:00,23361,467.0,22779.0,115.0,82934,54992,4581,0.0,0.9570000000000001,208.0,7.0,356.0,572.0,0.0,0.6630814864832276
2021-03-26 12:38:00,23603,471.0,23009.0,123.0,83536,55328,4605,0.0,0.9890000000000001,242.0,4.0,336.0,602.0,0.0,0.6623252250526719
2021-03-27 18:44:00,23760,476.0,23165.0,119.0,84027,55494,4773,0.0,0.9129999999999999,157.0,5.0,166.0,491.0,0.0,0.6604305758863223
2021-03-28 20:32:00,23870,481.0,23272.0,117.0,84290,55590,4830,0.0,0.88,110.0,5.0,96.0,263.0,0.0,0.6595088385336338
2021-03-29 13:01:00,23964,491.0,23352.0,121.0,84555,55660,4931,0.0,0.88,94.0,10.0,70.0,265.0,0.0,0.6582697652415588
2021-03-30 12:32:00,24211,497.0,23590.0,124.0,85021,55963,4847,0.0,0.9129999999999999,247.0,6.0,303.0,466.0,0.0,0.6582256148480964
2021-03-31 12:05:00,24379,503.0,23750.0,126.0,85498,56271,4848,0.0,0.902,168.0,6.0,308.0,477.0,0.0,0.6581557463332476
2021-04-01 16:16:00,24567,509.0,23923.0,135.0,85982,56554,4861,0.0,0.8909999999999999,188.0,6.0,283.0,484.0,0.0,0.6577423181596148
2021-04-02 12:48:00,24694,511.0,24049.0,134.0,86474,56720,5060,0.0,0.902,127.0,2.0,166.0,492.0,0.0,0.6559196984064575
2021-04-03 14:08:00,24853,520.0,24198.0,135.0,86801,56823,5125,0.0,0.9457,159.0,9.0,103.0,327.0,0.0,0.6546353152613449
2021-04-04 13:29:00,24914,526.0,24257.0,131.0,86979,56915,5150,0.0,0.9565,61.0,6.0,92.0,178.0,0.0,0.6543533496591131
2021-04-05 13:19:00,24944,530.0,24282.0,132.0,87102,56930,5228,0.0,0.9109999999999999,30.0,4.0,15.0,123.0,0.0,0.6536015246492618
2021-04-06 13:09:00,25156,539.0,24501.0,116.0,87692,57228,5308,0.0,0.782,212.0,9.0,298.0,590.0,0.0,0.6526022898325959
2021-04-07 12:21:00,25321,540.0,24642.0,139.0,88133,57478,5334,0.0,0.782,165.0,1.0,250.0,441.0,0.0,0.6521734197179263
2021-04-08 12:41:00,25480,546.0,24798.0,136.0,88700,57763,5457,0.0,0.8119,159.0,6.0,285.0,567.0,0.0,0.6512175873731679
2021-04-09 12:46:00,25632,549.0,24944.0,139.0,89130,58005,5493,0.0,0.762,152.0,3.0,242.0,430.0,0.0,0.6507909794681925
